role,path,codec,plainBytes,frameBytes,allocatedBytesPerFrame,effectiveWindow,peakWorkingSetBytes
source,legacy,0,262144,262292,263336,1,52916224
source,legacy,0,1048576,1048724,1049768,1,66379776
source,legacy,1,262144,262307,263352,1,68763648
source,legacy,1,1048576,1048757,1049800,1,72708096
source,direct,0,262144,262292,263336,1,66174976
source,direct,0,1048576,1048724,1049768,1,67592192
source,direct,1,262144,262307,263352,1,68616192
source,direct,1,1048576,1048757,1049800,1,72224768
target,legacy,0,262144,262292,792136,1,70885376
target,legacy,0,1048576,1048724,3151432,1,87752704
target,legacy,1,262144,262307,792184,1,68616192
target,legacy,1,1048576,1048757,3151544,1,82980864
target,direct,0,262144,262292,264928,1,61489152
target,direct,0,1048576,1048724,1051360,1,68128768
target,direct,1,262144,262307,264944,1,69312512
target,direct,1,1048576,1048757,1051406,1,73289728
